<?xml version="1.0" encoding="utf-8"?>
<preset>
  <name>LCD BlackWhite</name>
  <prepare>
    <convType>0</convType>
    <monoType>0</monoType>
    <edge>255</edge>
    <scanMain>2</scanMain>
    <scanSub>0</scanSub>
    <inverse>1</inverse>
    <bandScanning>1</bandScanning>
    <bandWidth>8</bandWidth>
    <useCustomScript>0</useCustomScript>
    <customScript><![CDATA[]]></customScript>
    <customPreprocessScript><![CDATA[]]></customPreprocessScript>
  </prepare>
  <matrix>
    <maskUsed>00000001</maskUsed>
    <maskAnd>ffffffff</maskAnd>
    <maskOr>00000000</maskOr>
    <maskFill>000000ff</maskFill>
    <operations count="0"/>
  </matrix>
  <reordering>
    <operations count="8">
      <operation index="0">
        <mask>00000080</mask>
        <shift>7</shift>
        <left>0</left>
      </operation>
      <operation index="1">
        <mask>00000040</mask>
        <shift>5</shift>
        <left>0</left>
      </operation>
      <operation index="2">
        <mask>00000020</mask>
        <shift>3</shift>
        <left>0</left>
      </operation>
      <operation index="3">
        <mask>00000010</mask>
        <shift>1</shift>
        <left>0</left>
      </operation>
      <operation index="4">
        <mask>00000008</mask>
        <shift>1</shift>
        <left>1</left>
      </operation>
      <operation index="5">
        <mask>00000004</mask>
        <shift>3</shift>
        <left>1</left>
      </operation>
      <operation index="6">
        <mask>00000002</mask>
        <shift>5</shift>
        <left>1</left>
      </operation>
      <operation index="7">
        <mask>00000001</mask>
        <shift>7</shift>
        <left>1</left>
      </operation>
    </operations>
  </reordering>
  <image>
    <bytesOrder>0</bytesOrder>
    <blockSize>0</blockSize>
    <blockDefaultOnes>0</blockDefaultOnes>
    <splitToRows>0</splitToRows>
    <compressionRle>0</compressionRle>
    <compressionRleMinLength>1</compressionRleMinLength>
    <blockPrefix><![CDATA[0x]]></blockPrefix>
    <blockSuffix><![CDATA[empty]]></blockSuffix>
    <blockDelimiter><![CDATA[, ]]></blockDelimiter>
    <previewPrefix><![CDATA[empty]]></previewPrefix>
    <previewSuffix><![CDATA[empty]]></previewSuffix>
    <previewDelimiter><![CDATA[empty]]></previewDelimiter>
    <previewLevels><![CDATA[empty]]></previewLevels>
  </image>
  <font>
    <bom>0</bom>
    <sortOrder>1</sortOrder>
    <codec>ASMO-708</codec>
  </font>
  <templates>
    <images>:/templates/image_convert</images>
    <fonts>:/templates/font_convert</fonts>
  </templates>
</preset>
